Timestamp,PM2.5 (µg/m³),PM10 (µg/m³),NO (µg/m³),NO2 (µg/m³),NOx (ppb),NH3 (µg/m³),SO2 (µg/m³),CO (mg/m³),Ozone (µg/m³),Benzene (µg/m³),Toluene (µg/m³),Xylene (µg/m³),O Xylene (µg/m³),Eth-Benzene (µg/m³),MP-Xylene (µg/m³),AT (°C),RH (%),WS (m/s),WD (deg),RF (mm),TOT-RF (mm),SR (W/mt2),BP (mmHg),VWS (m/s)
2021-01-01 00:00:00,300.14,471.14,176.05,134.19,178.36,NA,NA,3.62,17.84,NA,NA,NA,NA,NA,NA,NA,NA,NA,NA,NA,0.00,NA,NA,NA
2021-01-02 00:00:00,246.16,361.62,42.94,76.65,119.59,NA,NA,2.41,13.39,NA,NA,NA,NA,NA,NA,NA,NA,NA,NA,NA,0.00,NA,NA,NA
2021-01-03 00:00:00,117.84,162.72,36.13,48.56,84.68,NA,NA,1.73,10.19,NA,NA,NA,NA,NA,NA,NA,NA,NA,NA,NA,0.00,NA,NA,NA
2021-01-04 00:00:00,63.87,98.96,38.36,51.54,89.90,NA,NA,1.66,11.55,NA,NA,NA,NA,NA,NA,NA,NA,NA,NA,NA,0.00,NA,NA,NA
2021-01-05 00:00:00,56.08,89.00,52.53,53.44,105.98,NA,NA,1.64,10.09,NA,NA,NA,NA,NA,NA,NA,NA,NA,NA,NA,0.00,NA,NA,NA
2021-01-06 00:00:00,115.18,164.91,66.45,51.59,118.04,NA,NA,1.83,10.85,NA,NA,NA,NA,NA,NA,NA,NA,NA,NA,NA,0.00,NA,NA,NA
2021-01-07 00:00:00,94.90,155.92,29.54,35.51,65.06,NA,NA,1.50,11.91,NA,NA,NA,NA,NA,NA,NA,NA,NA,NA,NA,0.00,NA,NA,NA
2021-01-08 00:00:00,99.96,189.28,37.41,42.51,79.91,NA,NA,1.60,10.08,NA,NA,NA,NA,NA,NA,NA,NA,NA,NA,NA,0.00,NA,NA,NA
2021-01-09 00:00:00,111.93,196.26,28.49,42.85,71.35,NA,NA,1.57,11.25,NA,NA,NA,NA,NA,NA,NA,NA,NA,NA,NA,0.00,NA,NA,NA
2021-01-10 00:00:00,96.38,155.49,17.15,34.69,51.84,NA,NA,1.37,14.14,NA,NA,NA,NA,NA,NA,NA,NA,NA,NA,NA,0.00,NA,NA,NA
2021-01-11 00:00:00,94.07,157.53,17.81,37.66,55.48,NA,NA,1.51,17.07,NA,NA,NA,NA,NA,NA,NA,NA,NA,NA,NA,0.00,NA,NA,NA
2021-01-12 00:00:00,168.94,268.04,82.54,69.40,136.04,NA,NA,2.38,19.12,NA,NA,NA,NA,NA,NA,NA,NA,NA,NA,NA,0.00,NA,NA,NA
2021-01-13 00:00:00,213.91,366.99,168.80,103.56,197.05,NA,NA,3.30,21.25,NA,NA,NA,NA,NA,NA,NA,NA,NA,NA,NA,0.00,NA,NA,NA
2021-01-14 00:00:00,372.74,597.29,156.32,159.89,220.48,NA,NA,4.50,29.02,NA,NA,NA,NA,NA,NA,NA,NA,NA,NA,NA,0.00,NA,NA,NA
2021-01-15 00:00:00,365.08,568.09,235.08,155.99,209.33,NA,NA,4.09,28.55,NA,NA,NA,NA,NA,NA,NA,NA,NA,NA,NA,0.00,NA,NA,NA
2021-01-16 00:00:00,218.98,299.55,93.30,78.25,143.97,NA,NA,2.45,18.81,NA,NA,NA,NA,NA,NA,NA,NA,NA,NA,NA,0.00,NA,NA,NA
2021-01-17 00:00:00,185.55,285.98,37.97,52.03,82.74,NA,NA,0.79,17.49,NA,NA,NA,NA,NA,NA,NA,NA,NA,NA,NA,0.00,NA,NA,NA
2021-01-18 00:00:00,171.61,301.01,71.97,83.57,85.82,NA,NA,1.09,17.78,NA,NA,NA,NA,NA,NA,NA,NA,NA,NA,NA,0.00,NA,NA,NA
2021-01-19 00:00:00,129.94,350.16,88.86,86.61,135.17,NA,NA,1.67,19.24,NA,NA,NA,NA,NA,NA,NA,NA,NA,NA,NA,0.00,NA,NA,NA
2021-01-20 00:00:00,86.28,151.41,12.97,25.67,38.63,NA,NA,0.29,14.88,NA,NA,NA,NA,NA,NA,NA,NA,NA,NA,NA,0.00,NA,NA,NA
2021-01-21 00:00:00,99.16,207.58,52.90,55.98,79.71,NA,NA,0.44,20.47,NA,NA,NA,NA,NA,NA,NA,NA,NA,NA,NA,0.00,NA,NA,NA
2021-01-22 00:00:00,167.58,345.95,118.24,86.65,140.15,NA,NA,0.99,20.86,NA,NA,NA,NA,NA,NA,NA,NA,NA,NA,NA,0.00,NA,NA,NA
2021-01-23 00:00:00,122.66,231.52,15.24,29.91,45.16,NA,NA,0.38,19.53,NA,NA,NA,NA,NA,NA,NA,NA,NA,NA,NA,0.00,NA,NA,NA
2021-01-24 00:00:00,142.82,279.31,34.79,39.90,74.68,NA,NA,0.46,15.68,NA,NA,NA,NA,NA,NA,NA,NA,NA,NA,NA,0.00,NA,NA,NA
2021-01-25 00:00:00,118.50,252.70,37.58,41.55,79.12,NA,NA,0.34,17.46,NA,NA,NA,NA,NA,NA,NA,NA,NA,NA,NA,0.00,NA,NA,NA
2021-01-26 00:00:00,112.52,273.49,54.97,55.31,110.00,NA,NA,0.46,19.31,NA,NA,NA,NA,NA,NA,NA,NA,NA,NA,NA,0.00,NA,NA,NA
2021-01-27 00:00:00,135.31,330.01,67.93,74.23,112.45,NA,NA,0.56,17.83,NA,NA,NA,NA,NA,NA,NA,NA,NA,NA,NA,0.00,NA,NA,NA
2021-01-28 00:00:00,160.95,385.10,130.51,99.80,173.49,NA,NA,0.90,18.26,NA,NA,NA,NA,NA,NA,NA,NA,NA,NA,NA,0.00,NA,NA,NA
2021-01-29 00:00:00,147.83,308.54,43.25,57.62,100.88,NA,NA,0.54,17.27,NA,NA,NA,NA,NA,NA,NA,NA,NA,NA,NA,0.00,NA,NA,NA
2021-01-30 00:00:00,109.78,252.17,55.06,68.40,110.29,NA,NA,0.50,16.51,NA,NA,NA,NA,NA,NA,NA,NA,NA,NA,NA,0.00,NA,NA,NA
2021-01-31 00:00:00,136.22,346.38,165.82,118.64,202.76,NA,NA,0.98,14.25,NA,NA,NA,NA,NA,NA,NA,NA,NA,NA,NA,0.00,NA,NA,NA
2021-02-01 00:00:00,152.62,358.34,135.63,108.63,207.40,NA,NA,1.25,13.88,NA,NA,NA,NA,NA,NA,NA,NA,NA,NA,NA,0.00,NA,NA,NA
2021-02-02 00:00:00,180.65,448.00,147.16,126.91,159.17,NA,NA,1.28,14.65,NA,NA,NA,NA,NA,NA,NA,NA,NA,NA,NA,0.00,NA,NA,NA
2021-02-03 00:00:00,112.84,266.09,14.33,37.07,51.40,NA,NA,0.65,18.53,NA,NA,NA,NA,NA,NA,NA,NA,NA,NA,NA,0.00,NA,NA,NA
2021-02-04 00:00:00,103.27,177.17,25.70,41.80,67.51,NA,NA,0.87,16.30,NA,NA,NA,NA,NA,NA,NA,NA,NA,NA,NA,0.00,NA,NA,NA
2021-02-05 00:00:00,72.19,89.68,55.43,52.93,108.36,NA,NA,0.91,15.51,NA,NA,NA,NA,NA,NA,NA,NA,NA,NA,NA,0.00,NA,NA,NA
2021-02-06 00:00:00,64.00,62.69,31.11,42.73,73.84,NA,NA,0.71,16.39,NA,NA,NA,NA,NA,NA,NA,NA,NA,NA,NA,0.00,NA,NA,NA
2021-02-07 00:00:00,NA,75.40,65.86,60.22,95.44,NA,NA,1.08,19.04,NA,NA,NA,NA,NA,NA,NA,NA,NA,NA,NA,0.00,NA,NA,NA
2021-02-08 00:00:00,110.54,186.73,101.53,121.49,113.45,NA,NA,1.69,20.26,NA,NA,NA,NA,NA,NA,NA,NA,NA,NA,NA,0.00,NA,NA,NA
2021-02-09 00:00:00,157.42,289.75,93.22,78.59,139.89,NA,NA,1.63,18.19,NA,NA,NA,NA,NA,NA,NA,NA,NA,NA,NA,0.00,NA,NA,NA
2021-02-10 00:00:00,125.91,278.48,63.27,64.67,127.93,NA,NA,1.37,22.46,NA,NA,NA,NA,NA,NA,NA,NA,NA,NA,NA,0.00,NA,NA,NA
2021-02-11 00:00:00,182.95,350.26,70.68,72.75,133.72,NA,NA,1.53,19.95,NA,NA,NA,NA,NA,NA,NA,NA,NA,NA,NA,0.00,NA,NA,NA
2021-02-12 00:00:00,202.38,394.08,87.08,77.33,156.01,NA,NA,1.67,19.07,NA,NA,NA,NA,NA,NA,NA,NA,NA,NA,NA,0.00,NA,NA,NA
2021-02-13 00:00:00,137.52,297.87,83.71,82.21,144.66,NA,NA,1.67,19.24,NA,NA,NA,NA,NA,NA,NA,NA,NA,NA,NA,0.00,NA,NA,NA
2021-02-14 00:00:00,154.14,355.26,157.12,115.17,207.67,NA,NA,1.93,22.11,NA,NA,NA,NA,NA,NA,NA,NA,NA,NA,NA,0.00,NA,NA,NA
2021-02-15 00:00:00,128.34,303.34,117.66,97.54,175.02,NA,NA,1.72,23.05,NA,NA,NA,NA,NA,NA,NA,NA,NA,NA,NA,0.00,NA,NA,NA
2021-02-16 00:00:00,143.23,313.55,74.03,78.63,146.58,NA,NA,1.37,23.56,NA,NA,NA,NA,NA,NA,NA,NA,NA,NA,NA,0.00,NA,NA,NA
2021-02-17 00:00:00,162.76,385.29,127.43,116.68,185.56,NA,NA,1.64,17.53,NA,NA,NA,NA,NA,NA,NA,NA,NA,NA,NA,0.00,NA,NA,NA
2021-02-18 00:00:00,128.11,311.88,117.32,104.60,214.29,NA,NA,1.54,18.93,NA,NA,NA,NA,NA,NA,NA,NA,NA,NA,NA,0.00,NA,NA,NA
2021-02-19 00:00:00,127.33,285.97,84.75,77.79,162.55,NA,NA,1.40,14.20,NA,NA,NA,NA,NA,NA,NA,NA,NA,NA,NA,0.00,NA,NA,NA
2021-02-20 00:00:00,81.28,181.15,78.08,69.07,117.26,NA,NA,1.28,13.90,NA,NA,NA,NA,NA,NA,NA,NA,NA,NA,NA,0.00,NA,NA,NA
2021-02-21 00:00:00,122.00,267.88,67.90,69.31,119.40,NA,NA,1.09,18.20,NA,NA,NA,NA,NA,NA,NA,NA,NA,NA,NA,0.00,NA,NA,NA
2021-02-22 00:00:00,121.27,259.09,72.90,69.90,140.60,NA,NA,1.00,16.28,NA,NA,NA,NA,NA,NA,NA,NA,NA,NA,NA,0.00,NA,NA,NA
2021-02-23 00:00:00,86.76,303.26,126.68,132.99,174.60,NA,NA,1.48,12.68,NA,NA,NA,NA,NA,NA,NA,NA,NA,NA,NA,0.00,NA,NA,NA
2021-02-24 00:00:00,104.89,348.49,177.17,139.03,131.81,NA,NA,2.40,11.90,NA,NA,NA,NA,NA,NA,NA,NA,NA,NA,NA,0.00,NA,NA,NA
2021-02-25 00:00:00,107.57,302.75,123.87,105.32,158.03,NA,NA,2.03,11.97,NA,NA,NA,NA,NA,NA,NA,NA,NA,NA,NA,0.00,NA,NA,NA
2021-02-26 00:00:00,65.13,215.64,55.25,60.57,106.63,NA,NA,1.02,11.00,NA,NA,NA,NA,NA,NA,NA,NA,NA,NA,NA,0.00,NA,NA,NA
2021-02-27 00:00:00,42.44,215.13,13.53,33.73,27.41,NA,NA,0.86,10.54,NA,NA,NA,NA,NA,NA,NA,NA,NA,NA,NA,0.00,NA,NA,NA
2021-02-28 00:00:00,60.92,218.17,2.10,NA,0.00,NA,NA,0.97,12.09,NA,NA,NA,NA,NA,NA,NA,NA,NA,NA,NA,0.00,NA,NA,NA
2021-03-01 00:00:00,54.95,185.89,5.74,30.55,20.18,NA,NA,0.77,14.29,NA,NA,NA,NA,NA,NA,NA,NA,NA,NA,NA,0.00,NA,NA,NA
2021-03-02 00:00:00,54.34,178.28,7.22,26.23,33.45,NA,NA,0.58,15.10,NA,NA,NA,NA,NA,NA,NA,NA,NA,NA,NA,0.00,NA,NA,NA
2021-03-03 00:00:00,59.41,225.51,58.60,54.48,94.99,NA,NA,0.98,13.52,NA,NA,NA,NA,NA,NA,NA,NA,NA,NA,NA,0.00,NA,NA,NA
2021-03-04 00:00:00,79.66,298.91,132.54,97.37,179.00,NA,NA,2.09,12.91,NA,NA,NA,NA,NA,NA,NA,NA,NA,NA,NA,0.00,NA,NA,NA
2021-03-05 00:00:00,98.17,257.71,47.15,50.68,94.68,NA,NA,1.22,13.11,NA,NA,NA,NA,NA,NA,NA,NA,NA,NA,NA,0.00,NA,NA,NA
2021-03-06 00:00:00,68.29,189.53,66.85,58.57,86.85,NA,NA,1.05,13.84,NA,NA,NA,NA,NA,NA,NA,NA,NA,NA,NA,0.00,NA,NA,NA
2021-03-07 00:00:00,72.49,217.63,41.54,47.32,88.87,NA,NA,1.17,16.38,NA,NA,NA,NA,NA,NA,NA,NA,NA,NA,NA,0.00,NA,NA,NA
2021-03-08 00:00:00,83.27,217.30,13.33,31.16,44.49,NA,NA,0.93,17.07,NA,NA,NA,NA,NA,NA,NA,NA,NA,NA,NA,0.00,NA,NA,NA
2021-03-09 00:00:00,89.91,230.27,13.24,31.52,44.77,NA,NA,0.93,15.29,NA,NA,NA,NA,NA,NA,NA,NA,NA,NA,NA,0.00,NA,NA,NA
2021-03-10 00:00:00,50.94,110.23,25.06,35.27,60.32,NA,NA,0.67,9.91,NA,NA,NA,NA,NA,NA,NA,NA,NA,NA,NA,0.00,NA,NA,NA
2021-03-11 00:00:00,NA,NA,NA,NA,NA,NA,NA,NA,NA,NA,NA,NA,NA,NA,NA,NA,NA,NA,NA,NA,0.00,NA,NA,NA
2021-03-12 00:00:00,NA,NA,NA,NA,NA,NA,NA,NA,NA,NA,NA,NA,NA,NA,NA,NA,NA,NA,NA,NA,0.00,NA,NA,NA
2021-03-13 00:00:00,NA,NA,NA,NA,NA,NA,NA,NA,NA,NA,NA,NA,NA,NA,NA,NA,NA,NA,NA,NA,0.00,NA,NA,NA
2021-03-14 00:00:00,NA,NA,NA,NA,NA,NA,NA,NA,NA,NA,NA,NA,NA,NA,NA,NA,NA,NA,NA,NA,0.00,NA,NA,NA
2021-03-15 00:00:00,NA,NA,NA,NA,NA,NA,NA,NA,NA,NA,NA,NA,NA,NA,NA,NA,NA,NA,NA,NA,0.00,NA,NA,NA
2021-03-16 00:00:00,NA,NA,NA,NA,NA,NA,NA,NA,NA,NA,NA,NA,NA,NA,NA,NA,NA,NA,NA,NA,0.00,NA,NA,NA
2021-03-17 00:00:00,NA,NA,NA,NA,NA,NA,NA,NA,NA,NA,NA,NA,NA,NA,NA,NA,NA,NA,NA,NA,0.00,NA,NA,NA
2021-03-18 00:00:00,NA,NA,NA,NA,NA,NA,NA,NA,NA,NA,NA,NA,NA,NA,NA,NA,NA,NA,NA,NA,0.00,NA,NA,NA
2021-03-19 00:00:00,NA,NA,NA,NA,NA,NA,NA,NA,NA,NA,NA,NA,NA,NA,NA,NA,NA,NA,NA,NA,0.00,NA,NA,NA
2021-03-20 00:00:00,NA,NA,NA,NA,NA,NA,NA,NA,NA,NA,NA,NA,NA,NA,NA,NA,NA,NA,NA,NA,0.00,NA,NA,NA
2021-03-21 00:00:00,NA,NA,NA,NA,NA,NA,NA,NA,NA,NA,NA,NA,NA,NA,NA,NA,NA,NA,NA,NA,0.00,NA,NA,NA
2021-03-22 00:00:00,NA,NA,NA,NA,NA,NA,NA,NA,NA,NA,NA,NA,NA,NA,NA,NA,NA,NA,NA,NA,0.00,NA,NA,NA
2021-03-23 00:00:00,NA,NA,NA,NA,NA,NA,NA,NA,NA,NA,NA,NA,NA,NA,NA,NA,NA,NA,NA,NA,0.00,NA,NA,NA
2021-03-24 00:00:00,NA,NA,NA,NA,NA,NA,NA,NA,NA,NA,NA,NA,NA,NA,NA,NA,NA,NA,NA,NA,0.00,NA,NA,NA
2021-03-25 00:00:00,NA,NA,NA,NA,NA,NA,NA,NA,NA,NA,NA,NA,NA,NA,NA,NA,NA,NA,NA,NA,0.00,NA,NA,NA
2021-03-26 00:00:00,NA,NA,NA,NA,NA,NA,NA,NA,NA,NA,NA,NA,NA,NA,NA,NA,NA,NA,NA,NA,0.00,NA,NA,NA
2021-03-27 00:00:00,NA,NA,NA,NA,NA,NA,NA,NA,NA,NA,NA,NA,NA,NA,NA,NA,NA,NA,NA,NA,0.00,NA,NA,NA
2021-03-28 00:00:00,NA,NA,NA,NA,NA,NA,NA,NA,NA,NA,NA,NA,NA,NA,NA,NA,NA,NA,NA,NA,0.00,NA,NA,NA
2021-03-29 00:00:00,NA,NA,NA,NA,NA,NA,NA,NA,NA,NA,NA,NA,NA,NA,NA,NA,NA,NA,NA,NA,0.00,NA,NA,NA
2021-03-30 00:00:00,NA,NA,NA,NA,NA,NA,NA,NA,NA,NA,NA,NA,NA,NA,NA,NA,NA,NA,NA,NA,0.00,NA,NA,NA
2021-03-31 00:00:00,NA,NA,NA,NA,NA,NA,NA,NA,NA,NA,NA,NA,NA,NA,NA,NA,NA,NA,NA,NA,0.00,NA,NA,NA
2021-04-01 00:00:00,NA,NA,NA,NA,NA,NA,NA,NA,NA,NA,NA,NA,NA,NA,NA,NA,NA,NA,NA,NA,0.00,NA,NA,NA
2021-04-02 00:00:00,NA,NA,NA,NA,NA,NA,NA,NA,NA,NA,NA,NA,NA,NA,NA,NA,NA,NA,NA,NA,0.00,NA,NA,NA
2021-04-03 00:00:00,NA,NA,NA,NA,NA,NA,NA,NA,NA,NA,NA,NA,NA,NA,NA,NA,NA,NA,NA,NA,0.00,NA,NA,NA
2021-04-04 00:00:00,NA,NA,NA,NA,NA,NA,NA,NA,NA,NA,NA,NA,NA,NA,NA,NA,NA,NA,NA,NA,0.00,NA,NA,NA
2021-04-05 00:00:00,NA,NA,NA,NA,NA,NA,NA,NA,NA,NA,NA,NA,NA,NA,NA,NA,NA,NA,NA,NA,0.00,NA,NA,NA
2021-04-06 00:00:00,NA,NA,NA,NA,NA,NA,NA,NA,NA,NA,NA,NA,NA,NA,NA,NA,NA,NA,NA,NA,0.00,NA,NA,NA
2021-04-07 00:00:00,NA,NA,NA,NA,NA,NA,NA,NA,NA,NA,NA,NA,NA,NA,NA,NA,NA,NA,NA,NA,0.00,NA,NA,NA
2021-04-08 00:00:00,NA,NA,NA,NA,NA,NA,NA,NA,NA,NA,NA,NA,NA,NA,NA,NA,NA,NA,NA,NA,0.00,NA,NA,NA
2021-04-09 00:00:00,NA,NA,NA,NA,NA,NA,NA,NA,NA,NA,NA,NA,NA,NA,NA,NA,NA,NA,NA,NA,0.00,NA,NA,NA
2021-04-10 00:00:00,NA,NA,NA,NA,NA,NA,NA,NA,NA,NA,NA,NA,NA,NA,NA,NA,NA,NA,NA,NA,0.00,NA,NA,NA
2021-04-11 00:00:00,NA,NA,NA,NA,NA,NA,NA,NA,NA,NA,NA,NA,NA,NA,NA,NA,NA,NA,NA,NA,0.00,NA,NA,NA
2021-04-12 00:00:00,NA,NA,NA,NA,NA,NA,NA,NA,NA,NA,NA,NA,NA,NA,NA,NA,NA,NA,NA,NA,0.00,NA,NA,NA
2021-04-13 00:00:00,NA,NA,NA,NA,NA,NA,NA,NA,NA,NA,NA,NA,NA,NA,NA,NA,NA,NA,NA,NA,0.00,NA,NA,NA
2021-04-14 00:00:00,NA,NA,NA,NA,NA,NA,NA,NA,NA,NA,NA,NA,NA,NA,NA,NA,NA,NA,NA,NA,0.00,NA,NA,NA
2021-04-15 00:00:00,NA,NA,NA,NA,NA,NA,NA,NA,NA,NA,NA,NA,NA,NA,NA,NA,NA,NA,NA,NA,0.00,NA,NA,NA
2021-04-16 00:00:00,NA,NA,NA,NA,NA,NA,NA,NA,NA,NA,NA,NA,NA,NA,NA,NA,NA,NA,NA,NA,0.00,NA,NA,NA
2021-04-17 00:00:00,NA,NA,NA,NA,NA,NA,NA,NA,NA,NA,NA,NA,NA,NA,NA,NA,NA,NA,NA,NA,0.00,NA,NA,NA
2021-04-18 00:00:00,NA,NA,NA,NA,NA,NA,NA,NA,NA,NA,NA,NA,NA,NA,NA,NA,NA,NA,NA,NA,0.00,NA,NA,NA
2021-04-19 00:00:00,NA,NA,NA,NA,NA,NA,NA,NA,NA,NA,NA,NA,NA,NA,NA,NA,NA,NA,NA,NA,0.00,NA,NA,NA
2021-04-20 00:00:00,NA,NA,NA,NA,NA,NA,NA,NA,NA,NA,NA,NA,NA,NA,NA,NA,NA,NA,NA,NA,0.00,NA,NA,NA
2021-04-21 00:00:00,NA,NA,NA,NA,NA,NA,NA,NA,NA,NA,NA,NA,NA,NA,NA,NA,NA,NA,NA,NA,0.00,NA,NA,NA
2021-04-22 00:00:00,NA,NA,NA,NA,NA,NA,NA,NA,NA,NA,NA,NA,NA,NA,NA,NA,NA,NA,NA,NA,0.00,NA,NA,NA
2021-04-23 00:00:00,NA,NA,NA,NA,NA,NA,NA,NA,NA,NA,NA,NA,NA,NA,NA,NA,NA,NA,NA,NA,0.00,NA,NA,NA
2021-04-24 00:00:00,NA,NA,NA,NA,NA,NA,NA,NA,NA,NA,NA,NA,NA,NA,NA,NA,NA,NA,NA,NA,0.00,NA,NA,NA
2021-04-25 00:00:00,NA,NA,NA,NA,NA,NA,NA,NA,NA,NA,NA,NA,NA,NA,NA,NA,NA,NA,NA,NA,0.00,NA,NA,NA
2021-04-26 00:00:00,NA,NA,NA,NA,NA,NA,NA,NA,NA,NA,NA,NA,NA,NA,NA,NA,NA,NA,NA,NA,0.00,NA,NA,NA
2021-04-27 00:00:00,NA,NA,NA,NA,NA,NA,NA,NA,NA,NA,NA,NA,NA,NA,NA,NA,NA,NA,NA,NA,0.00,NA,NA,NA
2021-04-28 00:00:00,NA,NA,NA,NA,NA,NA,NA,NA,NA,NA,NA,NA,NA,NA,NA,NA,NA,NA,NA,NA,0.00,NA,NA,NA
2021-04-29 00:00:00,NA,NA,NA,NA,NA,NA,NA,NA,NA,NA,NA,NA,NA,NA,NA,NA,NA,NA,NA,NA,0.00,NA,NA,NA
2021-04-30 00:00:00,NA,NA,NA,NA,NA,NA,NA,NA,NA,NA,NA,NA,NA,NA,NA,NA,NA,NA,NA,NA,0.00,NA,NA,NA
2021-05-01 00:00:00,NA,NA,NA,NA,NA,NA,NA,NA,NA,NA,NA,NA,NA,NA,NA,NA,NA,NA,NA,NA,0.00,NA,NA,NA
2021-05-02 00:00:00,NA,NA,NA,NA,NA,NA,NA,NA,NA,NA,NA,NA,NA,NA,NA,NA,NA,NA,NA,NA,0.00,NA,NA,NA
2021-05-03 00:00:00,NA,NA,NA,NA,NA,NA,NA,NA,NA,NA,NA,NA,NA,NA,NA,NA,NA,NA,NA,NA,0.00,NA,NA,NA
2021-05-04 00:00:00,NA,NA,NA,NA,NA,NA,NA,NA,NA,NA,NA,NA,NA,NA,NA,NA,NA,NA,NA,NA,0.00,NA,NA,NA
2021-05-05 00:00:00,NA,NA,NA,NA,NA,NA,NA,NA,NA,NA,NA,NA,NA,NA,NA,NA,NA,NA,NA,NA,0.00,NA,NA,NA
2021-05-06 00:00:00,NA,NA,NA,NA,NA,NA,NA,NA,NA,NA,NA,NA,NA,NA,NA,NA,NA,NA,NA,NA,0.00,NA,NA,NA
2021-05-07 00:00:00,NA,NA,NA,NA,NA,NA,NA,NA,NA,NA,NA,NA,NA,NA,NA,NA,NA,NA,NA,NA,0.00,NA,NA,NA
2021-05-08 00:00:00,NA,NA,NA,NA,NA,NA,NA,NA,NA,NA,NA,NA,NA,NA,NA,NA,NA,NA,NA,NA,0.00,NA,NA,NA
2021-05-09 00:00:00,NA,NA,NA,NA,NA,NA,NA,NA,NA,NA,NA,NA,NA,NA,NA,NA,NA,NA,NA,NA,0.00,NA,NA,NA
2021-05-10 00:00:00,NA,NA,NA,NA,NA,NA,NA,NA,NA,NA,NA,NA,NA,NA,NA,NA,NA,NA,NA,NA,0.00,NA,NA,NA
2021-05-11 00:00:00,NA,NA,NA,NA,NA,NA,NA,NA,NA,NA,NA,NA,NA,NA,NA,NA,NA,NA,NA,NA,0.00,NA,NA,NA
2021-05-12 00:00:00,NA,NA,NA,NA,NA,NA,NA,NA,NA,NA,NA,NA,NA,NA,NA,NA,NA,NA,NA,NA,0.00,NA,NA,NA
2021-05-13 00:00:00,NA,NA,NA,NA,NA,NA,NA,NA,NA,NA,NA,NA,NA,NA,NA,NA,NA,NA,NA,NA,0.00,NA,NA,NA
2021-05-14 00:00:00,NA,NA,NA,NA,NA,NA,NA,NA,NA,NA,NA,NA,NA,NA,NA,NA,NA,NA,NA,NA,0.00,NA,NA,NA
2021-05-15 00:00:00,NA,NA,NA,NA,NA,NA,NA,NA,NA,NA,NA,NA,NA,NA,NA,NA,NA,NA,NA,NA,0.00,NA,NA,NA
2021-05-16 00:00:00,NA,NA,NA,NA,NA,NA,NA,NA,NA,NA,NA,NA,NA,NA,NA,NA,NA,NA,NA,NA,0.00,NA,NA,NA
2021-05-17 00:00:00,NA,NA,NA,NA,NA,NA,NA,NA,NA,NA,NA,NA,NA,NA,NA,NA,NA,NA,NA,NA,0.00,NA,NA,NA
2021-05-18 00:00:00,NA,NA,NA,NA,NA,NA,NA,NA,NA,NA,NA,NA,NA,NA,NA,NA,NA,NA,NA,NA,0.00,NA,NA,NA
2021-05-19 00:00:00,NA,NA,NA,NA,NA,NA,NA,NA,NA,NA,NA,NA,NA,NA,NA,NA,NA,NA,NA,NA,0.00,NA,NA,NA
2021-05-20 00:00:00,NA,NA,NA,NA,NA,NA,NA,NA,NA,NA,NA,NA,NA,NA,NA,NA,NA,NA,NA,NA,0.00,NA,NA,NA
2021-05-21 00:00:00,NA,NA,NA,NA,NA,NA,NA,NA,NA,NA,NA,NA,NA,NA,NA,NA,NA,NA,NA,NA,0.00,NA,NA,NA
2021-05-22 00:00:00,NA,NA,NA,NA,NA,NA,NA,NA,NA,NA,NA,NA,NA,NA,NA,NA,NA,NA,NA,NA,0.00,NA,NA,NA
2021-05-23 00:00:00,NA,NA,NA,NA,NA,NA,NA,NA,NA,NA,NA,NA,NA,NA,NA,NA,NA,NA,NA,NA,0.00,NA,NA,NA
2021-05-24 00:00:00,NA,NA,NA,NA,NA,NA,NA,NA,NA,NA,NA,NA,NA,NA,NA,NA,NA,NA,NA,NA,0.00,NA,NA,NA
2021-05-25 00:00:00,NA,NA,NA,NA,NA,NA,NA,NA,NA,NA,NA,NA,NA,NA,NA,NA,NA,NA,NA,NA,0.00,NA,NA,NA
2021-05-26 00:00:00,NA,NA,NA,NA,NA,NA,NA,NA,NA,NA,NA,NA,NA,NA,NA,NA,NA,NA,NA,NA,0.00,NA,NA,NA
2021-05-27 00:00:00,NA,NA,NA,NA,NA,NA,NA,NA,NA,NA,NA,NA,NA,NA,NA,NA,NA,NA,NA,NA,0.00,NA,NA,NA
2021-05-28 00:00:00,NA,NA,NA,NA,NA,NA,NA,NA,NA,NA,NA,NA,NA,NA,NA,NA,NA,NA,NA,NA,0.00,NA,NA,NA
2021-05-29 00:00:00,NA,NA,NA,NA,NA,NA,NA,NA,NA,NA,NA,NA,NA,NA,NA,NA,NA,NA,NA,NA,0.00,NA,NA,NA
2021-05-30 00:00:00,NA,NA,NA,NA,NA,NA,NA,NA,NA,NA,NA,NA,NA,NA,NA,NA,NA,NA,NA,NA,0.00,NA,NA,NA
2021-05-31 00:00:00,NA,NA,NA,NA,NA,NA,NA,NA,NA,NA,NA,NA,NA,NA,NA,NA,NA,NA,NA,NA,0.00,NA,NA,NA
2021-06-01 00:00:00,NA,NA,NA,NA,NA,NA,NA,NA,NA,NA,NA,NA,NA,NA,NA,NA,NA,NA,NA,NA,0.00,NA,NA,NA
2021-06-02 00:00:00,NA,NA,NA,NA,NA,NA,NA,NA,NA,NA,NA,NA,NA,NA,NA,NA,NA,NA,NA,NA,0.00,NA,NA,NA
2021-06-03 00:00:00,NA,NA,NA,NA,NA,NA,NA,NA,NA,NA,NA,NA,NA,NA,NA,NA,NA,NA,NA,NA,0.00,NA,NA,NA
2021-06-04 00:00:00,NA,NA,NA,NA,NA,NA,NA,NA,NA,NA,NA,NA,NA,NA,NA,NA,NA,NA,NA,NA,0.00,NA,NA,NA
2021-06-05 00:00:00,NA,NA,NA,NA,NA,NA,NA,NA,NA,NA,NA,NA,NA,NA,NA,NA,NA,NA,NA,NA,0.00,NA,NA,NA
2021-06-06 00:00:00,NA,NA,NA,NA,NA,NA,NA,NA,NA,NA,NA,NA,NA,NA,NA,NA,NA,NA,NA,NA,0.00,NA,NA,NA
2021-06-07 00:00:00,NA,NA,NA,NA,NA,NA,NA,NA,NA,NA,NA,NA,NA,NA,NA,NA,NA,NA,NA,NA,0.00,NA,NA,NA
2021-06-08 00:00:00,NA,NA,NA,NA,NA,NA,NA,NA,NA,NA,NA,NA,NA,NA,NA,NA,NA,NA,NA,NA,0.00,NA,NA,NA
2021-06-09 00:00:00,NA,NA,NA,NA,NA,NA,NA,NA,NA,NA,NA,NA,NA,NA,NA,NA,NA,NA,NA,NA,0.00,NA,NA,NA
2021-06-10 00:00:00,NA,NA,NA,NA,NA,NA,NA,NA,NA,NA,NA,NA,NA,NA,NA,NA,NA,NA,NA,NA,0.00,NA,NA,NA
2021-06-11 00:00:00,NA,NA,NA,NA,NA,NA,NA,NA,NA,NA,NA,NA,NA,NA,NA,NA,NA,NA,NA,NA,0.00,NA,NA,NA
2021-06-12 00:00:00,NA,NA,NA,NA,NA,NA,NA,NA,NA,NA,NA,NA,NA,NA,NA,NA,NA,NA,NA,NA,0.00,NA,NA,NA
2021-06-13 00:00:00,NA,NA,NA,NA,NA,NA,NA,NA,NA,NA,NA,NA,NA,NA,NA,NA,NA,NA,NA,NA,0.00,NA,NA,NA
2021-06-14 00:00:00,NA,NA,NA,NA,NA,NA,NA,NA,NA,NA,NA,NA,NA,NA,NA,NA,NA,NA,NA,NA,0.00,NA,NA,NA
2021-06-15 00:00:00,NA,NA,NA,NA,NA,NA,NA,NA,NA,NA,NA,NA,NA,NA,NA,NA,NA,NA,NA,NA,0.00,NA,NA,NA
2021-06-16 00:00:00,NA,NA,NA,NA,NA,NA,NA,NA,NA,NA,NA,NA,NA,NA,NA,NA,NA,NA,NA,NA,0.00,NA,NA,NA
2021-06-17 00:00:00,NA,NA,NA,NA,NA,NA,NA,NA,NA,NA,NA,NA,NA,NA,NA,NA,NA,NA,NA,NA,0.00,NA,NA,NA
2021-06-18 00:00:00,NA,NA,NA,NA,NA,NA,NA,NA,NA,NA,NA,NA,NA,NA,NA,NA,NA,NA,NA,NA,0.00,NA,NA,NA
2021-06-19 00:00:00,NA,NA,NA,NA,NA,NA,NA,NA,NA,NA,NA,NA,NA,NA,NA,NA,NA,NA,NA,NA,0.00,NA,NA,NA
2021-06-20 00:00:00,NA,NA,NA,NA,NA,NA,NA,NA,NA,NA,NA,NA,NA,NA,NA,NA,NA,NA,NA,NA,0.00,NA,NA,NA
2021-06-21 00:00:00,NA,NA,NA,NA,NA,NA,NA,NA,NA,NA,NA,NA,NA,NA,NA,NA,NA,NA,NA,NA,0.00,NA,NA,NA
2021-06-22 00:00:00,NA,NA,NA,NA,NA,NA,NA,NA,NA,NA,NA,NA,NA,NA,NA,NA,NA,NA,NA,NA,0.00,NA,NA,NA
2021-06-23 00:00:00,NA,NA,NA,NA,NA,NA,NA,NA,NA,NA,NA,NA,NA,NA,NA,NA,NA,NA,NA,NA,0.00,NA,NA,NA
2021-06-24 00:00:00,NA,NA,NA,NA,NA,NA,NA,NA,NA,NA,NA,NA,NA,NA,NA,NA,NA,NA,NA,NA,0.00,NA,NA,NA
2021-06-25 00:00:00,NA,NA,NA,NA,NA,NA,NA,NA,NA,NA,NA,NA,NA,NA,NA,NA,NA,NA,NA,NA,0.00,NA,NA,NA
2021-06-26 00:00:00,NA,NA,NA,NA,NA,NA,NA,NA,NA,NA,NA,NA,NA,NA,NA,NA,NA,NA,NA,NA,0.00,NA,NA,NA
2021-06-27 00:00:00,NA,NA,NA,NA,NA,NA,NA,NA,NA,NA,NA,NA,NA,NA,NA,NA,NA,NA,NA,NA,0.00,NA,NA,NA
2021-06-28 00:00:00,NA,NA,NA,NA,NA,NA,NA,NA,NA,NA,NA,NA,NA,NA,NA,NA,NA,NA,NA,NA,0.00,NA,NA,NA
2021-06-29 00:00:00,NA,NA,NA,NA,NA,NA,NA,NA,NA,NA,NA,NA,NA,NA,NA,NA,NA,NA,NA,NA,0.00,NA,NA,NA
2021-06-30 00:00:00,NA,NA,NA,NA,NA,NA,NA,NA,NA,NA,NA,NA,NA,NA,NA,NA,NA,NA,NA,NA,0.00,NA,NA,NA
2021-07-01 00:00:00,NA,NA,NA,NA,NA,NA,NA,NA,NA,NA,NA,NA,NA,NA,NA,NA,NA,NA,NA,NA,0.00,NA,NA,NA
2021-07-02 00:00:00,NA,NA,NA,NA,NA,NA,NA,NA,NA,NA,NA,NA,NA,NA,NA,NA,NA,NA,NA,NA,0.00,NA,NA,NA
2021-07-03 00:00:00,NA,NA,NA,NA,NA,NA,NA,NA,NA,NA,NA,NA,NA,NA,NA,NA,NA,NA,NA,NA,0.00,NA,NA,NA
2021-07-04 00:00:00,NA,NA,NA,NA,NA,NA,NA,NA,NA,NA,NA,NA,NA,NA,NA,NA,NA,NA,NA,NA,0.00,NA,NA,NA
2021-07-05 00:00:00,NA,NA,NA,NA,NA,NA,NA,NA,NA,NA,NA,NA,NA,NA,NA,NA,NA,NA,NA,NA,0.00,NA,NA,NA
2021-07-06 00:00:00,NA,NA,NA,NA,NA,NA,NA,NA,NA,NA,NA,NA,NA,NA,NA,NA,NA,NA,NA,NA,0.00,NA,NA,NA
2021-07-07 00:00:00,NA,NA,NA,NA,NA,NA,NA,NA,NA,NA,NA,NA,NA,NA,NA,NA,NA,NA,NA,NA,0.00,NA,NA,NA
2021-07-08 00:00:00,NA,NA,NA,NA,NA,NA,NA,NA,NA,NA,NA,NA,NA,NA,NA,NA,NA,NA,NA,NA,0.00,NA,NA,NA
2021-07-09 00:00:00,NA,NA,NA,NA,NA,NA,NA,NA,NA,NA,NA,NA,NA,NA,NA,NA,NA,NA,NA,NA,0.00,NA,NA,NA
2021-07-10 00:00:00,NA,NA,NA,NA,NA,NA,NA,NA,NA,NA,NA,NA,NA,NA,NA,NA,NA,NA,NA,NA,0.00,NA,NA,NA
2021-07-11 00:00:00,NA,NA,NA,NA,NA,NA,NA,NA,NA,NA,NA,NA,NA,NA,NA,NA,NA,NA,NA,NA,0.00,NA,NA,NA
2021-07-12 00:00:00,NA,NA,NA,NA,NA,NA,NA,NA,NA,NA,NA,NA,NA,NA,NA,NA,NA,NA,NA,NA,0.00,NA,NA,NA
2021-07-13 00:00:00,NA,NA,NA,NA,NA,NA,NA,NA,NA,NA,NA,NA,NA,NA,NA,NA,NA,NA,NA,NA,0.00,NA,NA,NA
2021-07-14 00:00:00,25.56,47.35,9.12,26.69,35.82,NA,NA,0.81,19.93,NA,NA,NA,NA,NA,NA,NA,NA,NA,NA,NA,0.00,NA,NA,NA
2021-07-15 00:00:00,33.70,65.57,6.94,20.94,27.88,NA,NA,0.77,25.06,NA,NA,NA,NA,NA,NA,NA,NA,NA,NA,NA,0.00,NA,NA,NA
2021-07-16 00:00:00,34.12,74.03,4.98,24.66,29.64,NA,NA,0.67,28.26,NA,NA,NA,NA,NA,NA,NA,NA,NA,NA,NA,0.00,NA,NA,NA
2021-07-17 00:00:00,37.10,79.60,4.72,25.03,29.75,NA,NA,0.67,28.77,NA,NA,NA,NA,NA,NA,NA,NA,NA,NA,NA,0.00,NA,NA,NA
2021-07-18 00:00:00,26.16,56.22,5.46,23.70,29.16,NA,NA,0.62,20.59,NA,NA,NA,NA,NA,NA,NA,NA,NA,NA,NA,0.00,NA,NA,NA
2021-07-19 00:00:00,9.79,18.67,9.27,26.68,35.95,NA,NA,0.62,14.28,NA,NA,NA,NA,NA,NA,NA,NA,NA,NA,NA,0.00,NA,NA,NA
2021-07-20 00:00:00,25.85,49.35,10.31,28.00,38.31,NA,NA,0.75,19.26,NA,NA,NA,NA,NA,NA,NA,NA,NA,NA,NA,0.00,NA,NA,NA
2021-07-21 00:00:00,29.78,65.93,15.10,28.13,43.23,NA,NA,0.86,21.30,NA,NA,NA,NA,NA,NA,NA,NA,NA,NA,NA,0.00,NA,NA,NA
2021-07-22 00:00:00,21.49,49.08,7.37,25.81,33.19,NA,NA,0.64,18.90,NA,NA,NA,NA,NA,NA,NA,NA,NA,NA,NA,0.00,NA,NA,NA
2021-07-23 00:00:00,27.21,74.69,9.97,26.91,36.88,NA,NA,0.74,18.05,NA,NA,NA,NA,NA,NA,NA,NA,NA,NA,NA,0.00,NA,NA,NA
2021-07-24 00:00:00,34.20,82.58,16.16,31.10,47.26,NA,NA,0.89,16.65,NA,NA,NA,NA,NA,NA,NA,NA,NA,NA,NA,0.00,NA,NA,NA
2021-07-25 00:00:00,30.28,76.41,16.17,31.53,47.71,NA,NA,0.83,18.92,NA,NA,NA,NA,NA,NA,NA,NA,NA,NA,NA,0.00,NA,NA,NA
2021-07-26 00:00:00,39.43,76.86,5.81,25.38,31.18,NA,NA,0.71,21.17,NA,NA,NA,NA,NA,NA,NA,NA,NA,NA,NA,0.00,NA,NA,NA
2021-07-27 00:00:00,25.98,46.85,8.46,21.55,30.01,NA,NA,0.64,12.41,NA,NA,NA,NA,NA,NA,NA,NA,NA,NA,NA,0.00,NA,NA,NA
2021-07-28 00:00:00,15.94,30.60,12.41,23.77,36.18,NA,NA,0.51,10.32,NA,NA,NA,NA,NA,NA,NA,NA,NA,NA,NA,0.00,NA,NA,NA
2021-07-29 00:00:00,25.22,53.38,15.63,27.46,43.10,NA,NA,0.62,12.49,NA,NA,NA,NA,NA,NA,NA,NA,NA,NA,NA,0.00,NA,NA,NA
2021-07-30 00:00:00,32.43,55.57,11.44,29.80,41.24,NA,NA,0.69,16.01,NA,NA,NA,NA,NA,NA,NA,NA,NA,NA,NA,0.00,NA,NA,NA
2021-07-31 00:00:00,17.32,50.58,11.29,25.87,37.16,NA,NA,0.62,16.10,NA,NA,NA,NA,NA,NA,NA,NA,NA,NA,NA,0.00,NA,NA,NA
2021-08-01 00:00:00,23.68,82.60,17.35,34.23,51.57,NA,NA,0.81,13.18,NA,NA,NA,NA,NA,NA,NA,NA,NA,NA,NA,0.00,NA,NA,NA
2021-08-02 00:00:00,36.60,73.06,24.01,39.33,63.34,NA,NA,1.27,14.73,NA,NA,NA,NA,NA,NA,NA,NA,NA,NA,NA,0.00,NA,NA,NA
2021-08-03 00:00:00,23.71,64.06,16.26,31.10,47.36,NA,NA,0.66,16.23,NA,NA,NA,NA,NA,NA,NA,NA,NA,NA,NA,0.00,NA,NA,NA
2021-08-04 00:00:00,21.27,66.86,16.12,31.27,47.40,NA,NA,0.59,18.02,NA,NA,NA,NA,NA,NA,NA,NA,NA,NA,NA,0.00,NA,NA,NA
2021-08-05 00:00:00,33.34,94.95,21.93,36.97,58.89,NA,NA,0.80,19.75,NA,NA,NA,NA,NA,NA,NA,NA,NA,NA,NA,0.00,NA,NA,NA
2021-08-06 00:00:00,46.39,92.01,16.94,36.58,53.52,NA,NA,0.71,23.98,NA,NA,NA,NA,NA,NA,NA,NA,NA,NA,NA,0.00,NA,NA,NA
2021-08-07 00:00:00,32.76,81.95,18.94,36.85,55.79,NA,NA,0.77,15.02,NA,NA,NA,NA,NA,NA,NA,NA,NA,NA,NA,0.00,NA,NA,NA
2021-08-08 00:00:00,33.05,68.55,19.24,34.72,53.96,NA,NA,0.80,12.91,NA,NA,NA,NA,NA,NA,NA,NA,NA,NA,NA,0.00,NA,NA,NA
2021-08-09 00:00:00,41.47,76.32,12.93,32.99,45.92,NA,NA,0.78,19.32,NA,NA,NA,NA,NA,NA,NA,NA,NA,NA,NA,0.00,NA,NA,NA
2021-08-10 00:00:00,33.17,122.26,11.06,27.95,39.01,NA,NA,0.45,15.91,NA,NA,NA,NA,NA,NA,NA,NA,NA,NA,NA,0.00,NA,NA,NA
2021-08-11 00:00:00,22.38,98.49,12.05,23.97,36.02,NA,NA,0.39,15.73,NA,NA,NA,NA,NA,NA,NA,NA,NA,NA,NA,0.00,NA,NA,NA
2021-08-12 00:00:00,39.58,104.17,15.37,26.50,41.87,NA,NA,0.38,15.82,NA,NA,NA,NA,NA,NA,NA,NA,NA,NA,NA,0.00,NA,NA,NA
2021-08-13 00:00:00,26.53,101.54,12.31,26.95,39.26,NA,NA,0.61,15.08,NA,NA,NA,NA,NA,NA,NA,NA,NA,NA,NA,0.00,NA,NA,NA
2021-08-14 00:00:00,27.47,104.89,9.81,25.35,35.16,NA,NA,0.64,16.18,NA,NA,NA,NA,NA,NA,NA,NA,NA,NA,NA,0.00,NA,NA,NA
2021-08-15 00:00:00,34.33,119.24,7.70,23.90,31.59,NA,NA,0.65,17.55,NA,NA,NA,NA,NA,NA,NA,NA,NA,NA,NA,0.00,NA,NA,NA
2021-08-16 00:00:00,31.71,115.21,7.82,26.09,33.91,NA,NA,0.69,17.34,NA,NA,NA,NA,NA,NA,NA,NA,NA,NA,NA,0.00,NA,NA,NA
2021-08-17 00:00:00,44.95,147.29,13.44,28.37,41.81,NA,NA,0.85,19.43,NA,NA,NA,NA,NA,NA,NA,NA,NA,NA,NA,0.00,NA,NA,NA
2021-08-18 00:00:00,54.59,165.15,8.52,17.44,25.96,NA,NA,1.00,20.43,NA,NA,NA,NA,NA,NA,NA,NA,NA,NA,NA,0.00,NA,NA,NA
2021-08-19 00:00:00,68.29,186.15,2.58,2.49,5.07,NA,NA,1.27,22.64,NA,NA,NA,NA,NA,NA,NA,NA,NA,NA,NA,0.00,NA,NA,NA
2021-08-20 00:00:00,39.77,97.31,3.73,6.12,9.80,NA,NA,0.95,15.37,NA,NA,NA,NA,NA,NA,NA,NA,NA,NA,NA,0.00,NA,NA,NA
2021-08-21 00:00:00,12.78,30.07,6.24,12.41,18.65,NA,NA,0.89,15.57,NA,NA,NA,NA,NA,NA,NA,NA,NA,NA,NA,0.00,NA,NA,NA
2021-08-22 00:00:00,18.92,50.39,5.16,12.12,17.28,NA,NA,0.83,22.91,NA,NA,NA,NA,NA,NA,NA,NA,NA,NA,NA,0.00,NA,NA,NA
2021-08-23 00:00:00,18.23,63.29,6.87,13.15,20.02,NA,NA,1.00,29.62,NA,NA,NA,NA,NA,NA,NA,NA,NA,NA,NA,0.00,NA,NA,NA
2021-08-24 00:00:00,22.94,86.60,12.91,21.26,34.16,NA,NA,1.12,33.14,NA,NA,NA,NA,NA,NA,NA,NA,NA,NA,NA,0.00,NA,NA,NA
2021-08-25 00:00:00,14.19,95.81,9.22,16.10,25.32,NA,NA,1.08,43.22,NA,NA,NA,NA,NA,NA,NA,NA,NA,NA,NA,0.00,NA,NA,NA
2021-08-26 00:00:00,15.87,113.42,9.18,15.01,24.19,NA,NA,0.95,56.16,NA,NA,NA,NA,NA,NA,NA,NA,NA,NA,NA,0.00,NA,NA,NA
2021-08-27 00:00:00,17.51,151.73,9.51,13.80,23.31,NA,NA,0.97,45.78,NA,NA,NA,NA,NA,NA,NA,NA,NA,NA,NA,0.00,NA,NA,NA
2021-08-28 00:00:00,19.16,134.29,9.95,13.72,23.66,NA,NA,1.07,47.18,NA,NA,NA,NA,NA,NA,NA,NA,NA,NA,NA,0.00,NA,NA,NA
2021-08-29 00:00:00,22.43,107.16,10.27,13.90,24.17,NA,NA,1.03,65.35,NA,NA,NA,NA,NA,NA,NA,NA,NA,NA,NA,0.00,NA,NA,NA
2021-08-30 00:00:00,12.53,50.31,9.72,13.78,23.49,NA,NA,0.97,73.26,NA,NA,NA,NA,NA,NA,NA,NA,NA,NA,NA,0.00,NA,NA,NA
2021-08-31 00:00:00,11.13,39.11,9.86,14.43,24.29,NA,NA,1.04,70.39,NA,NA,NA,NA,NA,NA,NA,NA,NA,NA,NA,0.00,NA,NA,NA
2021-09-01 00:00:00,11.87,37.47,9.42,15.38,24.79,NA,NA,1.33,63.74,NA,NA,NA,NA,NA,NA,NA,NA,NA,NA,NA,0.00,NA,NA,NA
2021-09-02 00:00:00,18.05,56.10,8.48,16.02,24.49,NA,NA,1.44,68.79,NA,NA,NA,NA,NA,NA,NA,NA,NA,NA,NA,0.00,NA,NA,NA
2021-09-03 00:00:00,18.57,41.39,8.43,15.00,23.43,NA,NA,1.18,63.36,NA,NA,NA,NA,NA,NA,NA,NA,NA,NA,NA,0.00,NA,NA,NA
2021-09-04 00:00:00,15.30,58.14,8.21,15.16,23.37,NA,NA,1.37,52.29,NA,NA,NA,NA,NA,NA,NA,NA,NA,NA,NA,0.00,NA,NA,NA
2021-09-05 00:00:00,27.66,81.18,4.27,10.24,14.51,NA,NA,1.47,13.96,NA,NA,NA,NA,NA,NA,NA,NA,NA,NA,NA,0.00,NA,NA,NA
2021-09-06 00:00:00,26.22,95.81,3.98,10.12,14.09,NA,NA,1.74,13.67,NA,NA,NA,NA,NA,NA,NA,NA,NA,NA,NA,0.00,NA,NA,NA
2021-09-07 00:00:00,34.17,91.24,10.54,12.43,22.97,NA,NA,1.22,14.63,NA,NA,NA,NA,NA,NA,NA,NA,NA,NA,NA,0.00,NA,NA,NA
2021-09-08 00:00:00,NA,NA,NA,NA,NA,NA,NA,NA,NA,NA,NA,NA,NA,NA,NA,NA,NA,NA,NA,NA,0.00,NA,NA,NA
2021-09-09 00:00:00,13.18,83.89,1.78,9.38,11.16,NA,NA,2.14,11.23,NA,NA,NA,NA,NA,NA,NA,NA,NA,NA,NA,0.00,NA,NA,NA
2021-09-10 00:00:00,13.52,53.09,3.67,10.02,13.69,NA,NA,2.09,9.83,NA,NA,NA,NA,NA,NA,NA,NA,NA,NA,NA,0.00,NA,NA,NA
2021-09-11 00:00:00,10.22,24.70,7.91,11.50,19.40,NA,NA,2.05,11.30,NA,NA,NA,NA,NA,NA,NA,NA,NA,NA,NA,0.00,NA,NA,NA
2021-09-12 00:00:00,15.04,41.49,7.66,11.41,19.07,NA,NA,2.15,10.35,NA,NA,NA,NA,NA,NA,NA,NA,NA,NA,NA,0.00,NA,NA,NA
2021-09-13 00:00:00,13.57,67.15,7.86,11.48,19.35,NA,NA,2.50,14.14,NA,NA,NA,NA,NA,NA,NA,NA,NA,NA,NA,0.00,NA,NA,NA
2021-09-14 00:00:00,10.35,58.24,7.99,11.53,19.52,NA,NA,2.21,11.91,NA,NA,NA,NA,NA,NA,NA,NA,NA,NA,NA,0.00,NA,NA,NA
2021-09-15 00:00:00,2.68,38.54,8.40,11.66,20.06,NA,NA,2.09,10.30,NA,NA,NA,NA,NA,NA,NA,NA,NA,NA,NA,0.00,NA,NA,NA
2021-09-16 00:00:00,16.56,47.83,11.79,12.83,24.60,NA,NA,2.00,10.01,NA,NA,NA,NA,NA,NA,NA,NA,NA,NA,NA,0.00,NA,NA,NA
2021-09-17 00:00:00,19.41,42.72,12.05,12.93,24.98,NA,NA,1.87,10.15,NA,NA,NA,NA,NA,NA,NA,NA,NA,NA,NA,0.00,NA,NA,NA
2021-09-18 00:00:00,27.77,65.15,13.48,13.41,26.90,NA,NA,1.81,9.60,NA,NA,NA,NA,NA,NA,NA,NA,NA,NA,NA,0.00,NA,NA,NA
2021-09-19 00:00:00,24.66,57.87,14.80,13.87,28.67,NA,NA,1.83,9.61,NA,NA,NA,NA,NA,NA,NA,NA,NA,NA,NA,0.00,NA,NA,NA
2021-09-20 00:00:00,26.90,59.83,16.37,14.43,30.80,NA,NA,1.80,9.87,NA,NA,NA,NA,NA,NA,NA,NA,NA,NA,NA,0.00,NA,NA,NA
2021-09-21 00:00:00,27.06,68.30,17.62,14.82,32.44,NA,NA,1.80,9.98,NA,NA,NA,NA,NA,NA,NA,NA,NA,NA,NA,0.00,NA,NA,NA
2021-09-22 00:00:00,23.40,53.77,19.33,15.41,34.74,NA,NA,1.75,9.79,NA,NA,NA,NA,NA,NA,NA,NA,NA,NA,NA,0.00,NA,NA,NA
2021-09-23 00:00:00,21.45,47.66,19.88,15.67,35.55,NA,NA,1.70,9.98,NA,NA,NA,NA,NA,NA,NA,NA,NA,NA,NA,0.00,NA,NA,NA
2021-09-24 00:00:00,22.15,45.76,17.94,14.95,32.89,NA,NA,1.71,10.10,NA,NA,NA,NA,NA,NA,NA,NA,NA,NA,NA,0.00,NA,NA,NA
2021-09-25 00:00:00,34.84,67.43,14.09,13.65,27.74,NA,NA,1.84,11.23,NA,NA,NA,NA,NA,NA,NA,NA,NA,NA,NA,0.00,NA,NA,NA
2021-09-26 00:00:00,30.02,56.00,11.70,12.85,24.55,NA,NA,1.72,10.22,NA,NA,NA,NA,NA,NA,NA,NA,NA,NA,NA,0.00,NA,NA,NA
2021-09-27 00:00:00,43.21,73.82,8.96,11.85,20.82,NA,NA,1.81,10.98,NA,NA,NA,NA,NA,NA,NA,NA,NA,NA,NA,0.00,NA,NA,NA
2021-09-28 00:00:00,37.47,80.07,7.23,11.24,18.46,NA,NA,1.87,14.79,NA,NA,NA,NA,NA,NA,NA,NA,NA,NA,NA,0.00,NA,NA,NA
2021-09-29 00:00:00,27.06,65.12,6.29,10.95,17.23,NA,NA,1.72,10.02,NA,NA,NA,NA,NA,NA,NA,NA,NA,NA,NA,0.00,NA,NA,NA
2021-09-30 00:00:00,31.13,59.22,5.92,10.81,16.73,NA,NA,1.73,10.16,NA,NA,NA,NA,NA,NA,NA,NA,NA,NA,NA,0.00,NA,NA,NA
2021-10-01 00:00:00,39.21,85.61,5.90,10.81,16.71,NA,NA,1.92,10.13,NA,NA,NA,NA,NA,NA,NA,NA,NA,NA,NA,0.00,NA,NA,NA
2021-10-02 00:00:00,45.20,87.32,5.88,10.80,16.68,NA,NA,1.96,10.37,NA,NA,NA,NA,NA,NA,NA,NA,NA,NA,NA,0.00,NA,NA,NA
2021-10-03 00:00:00,26.89,62.09,5.76,10.74,16.50,NA,NA,1.63,10.25,NA,NA,NA,NA,NA,NA,NA,NA,NA,NA,NA,0.00,NA,NA,NA
2021-10-04 00:00:00,23.11,60.30,5.56,10.68,16.25,NA,NA,1.57,10.14,NA,NA,NA,NA,NA,NA,NA,NA,NA,NA,NA,0.00,NA,NA,NA
2021-10-05 00:00:00,32.10,75.22,5.60,10.71,16.31,NA,NA,1.63,11.54,NA,NA,NA,NA,NA,NA,NA,NA,NA,NA,NA,0.00,NA,NA,NA
2021-10-06 00:00:00,39.89,80.51,5.72,10.75,16.47,NA,NA,1.65,10.40,NA,NA,NA,NA,NA,NA,NA,NA,NA,NA,NA,0.00,NA,NA,NA
2021-10-07 00:00:00,58.98,112.87,5.76,10.77,16.53,NA,NA,1.66,10.73,NA,NA,NA,NA,NA,NA,NA,NA,NA,NA,NA,0.00,NA,NA,NA
2021-10-08 00:00:00,69.32,158.46,5.66,10.73,16.38,NA,NA,1.84,10.64,NA,NA,NA,NA,NA,NA,NA,NA,NA,NA,NA,0.00,NA,NA,NA
2021-10-09 00:00:00,58.74,152.85,5.56,10.68,16.24,NA,NA,2.17,10.14,NA,NA,NA,NA,NA,NA,NA,NA,NA,NA,NA,0.00,NA,NA,NA
2021-10-10 00:00:00,53.91,139.39,5.55,10.68,16.23,NA,NA,2.08,10.11,NA,NA,NA,NA,NA,NA,NA,NA,NA,NA,NA,0.00,NA,NA,NA
2021-10-11 00:00:00,78.07,151.34,5.61,10.69,16.30,NA,NA,2.45,10.14,NA,NA,NA,NA,NA,NA,NA,NA,NA,NA,NA,0.00,NA,NA,NA
2021-10-12 00:00:00,107.50,218.31,11.65,24.86,35.51,NA,NA,2.37,10.51,NA,NA,NA,NA,NA,NA,NA,NA,NA,NA,NA,0.00,NA,NA,NA
2021-10-13 00:00:00,77.04,191.90,18.57,44.18,62.75,NA,NA,1.85,10.01,NA,NA,NA,NA,NA,NA,NA,NA,NA,NA,NA,0.00,NA,NA,NA
2021-10-14 00:00:00,75.51,178.74,22.99,47.04,70.04,NA,NA,1.87,9.71,NA,NA,NA,NA,NA,NA,NA,NA,NA,NA,NA,0.00,NA,NA,NA
2021-10-15 00:00:00,104.22,233.59,54.98,61.69,116.68,NA,NA,2.16,10.08,NA,NA,NA,NA,NA,NA,NA,NA,NA,NA,NA,0.00,NA,NA,NA
2021-10-16 00:00:00,157.15,281.42,69.31,74.31,143.61,NA,NA,2.99,11.08,NA,NA,NA,NA,NA,NA,NA,NA,NA,NA,NA,0.00,NA,NA,NA
2021-10-17 00:00:00,108.96,157.43,39.84,48.42,88.26,NA,NA,2.61,9.83,NA,NA,NA,NA,NA,NA,NA,NA,NA,NA,NA,0.00,NA,NA,NA
2021-10-18 00:00:00,9.35,31.82,25.87,35.38,61.25,NA,NA,1.71,8.61,NA,NA,NA,NA,NA,NA,NA,NA,NA,NA,NA,0.00,NA,NA,NA
2021-10-19 00:00:00,26.18,80.02,25.66,39.07,64.73,NA,NA,1.76,9.19,NA,NA,NA,NA,NA,NA,NA,NA,NA,NA,NA,0.00,NA,NA,NA
2021-10-20 00:00:00,39.14,171.55,32.51,56.23,88.74,NA,NA,2.10,10.63,NA,NA,NA,NA,NA,NA,NA,NA,NA,NA,NA,0.00,NA,NA,NA
2021-10-21 00:00:00,32.72,176.70,54.18,56.86,111.04,NA,NA,2.30,10.05,NA,NA,NA,NA,NA,NA,NA,NA,NA,NA,NA,0.00,NA,NA,NA
2021-10-22 00:00:00,23.46,150.41,53.88,54.20,108.09,NA,NA,2.07,9.74,NA,NA,NA,NA,NA,NA,NA,NA,NA,NA,NA,0.00,NA,NA,NA
2021-10-23 00:00:00,30.12,168.19,83.13,65.76,148.89,NA,NA,2.56,9.91,NA,NA,NA,NA,NA,NA,NA,NA,NA,NA,NA,0.00,NA,NA,NA
2021-10-24 00:00:00,26.23,101.96,17.96,38.06,56.02,NA,NA,2.01,9.79,NA,NA,NA,NA,NA,NA,NA,NA,NA,NA,NA,0.00,NA,NA,NA
2021-10-25 00:00:00,22.88,79.11,24.60,39.67,64.27,NA,NA,1.88,9.61,NA,NA,NA,NA,NA,NA,NA,NA,NA,NA,NA,0.00,NA,NA,NA
2021-10-26 00:00:00,35.16,142.08,36.51,44.60,81.11,NA,NA,2.12,10.03,NA,NA,NA,NA,NA,NA,NA,NA,NA,NA,NA,0.00,NA,NA,NA
2021-10-27 00:00:00,77.15,199.01,48.31,51.54,99.84,NA,NA,2.54,10.00,NA,NA,NA,NA,NA,NA,NA,NA,NA,NA,NA,0.00,NA,NA,NA
2021-10-28 00:00:00,104.53,248.00,32.42,53.19,85.61,NA,NA,2.29,10.60,NA,NA,NA,NA,NA,NA,NA,NA,NA,NA,NA,0.00,NA,NA,NA
2021-10-29 00:00:00,60.77,257.72,47.77,60.45,108.21,NA,NA,2.55,11.36,NA,NA,NA,NA,NA,NA,NA,NA,NA,NA,NA,0.00,NA,NA,NA
2021-10-30 00:00:00,90.54,223.21,45.66,54.86,100.53,NA,NA,2.61,11.82,NA,NA,NA,NA,NA,NA,NA,NA,NA,NA,NA,0.00,NA,NA,NA
2021-10-31 00:00:00,105.53,251.65,39.12,52.49,91.60,NA,NA,2.46,11.89,NA,NA,NA,NA,NA,NA,NA,NA,NA,NA,NA,0.00,NA,NA,NA
2021-11-01 00:00:00,100.15,282.29,93.13,76.35,169.49,NA,NA,3.03,11.76,NA,NA,NA,NA,NA,NA,NA,NA,NA,NA,NA,0.00,NA,NA,NA
2021-11-02 00:00:00,115.63,257.19,27.29,57.02,84.31,NA,NA,2.60,13.55,NA,NA,NA,NA,NA,NA,NA,NA,NA,NA,NA,0.00,NA,NA,NA
2021-11-03 00:00:00,122.29,241.01,40.85,66.69,107.53,NA,NA,2.78,12.41,NA,NA,NA,NA,NA,NA,NA,NA,NA,NA,NA,0.00,NA,NA,NA
2021-11-04 00:00:00,308.65,433.58,69.67,73.21,142.88,NA,NA,3.52,11.71,NA,NA,NA,NA,NA,NA,NA,NA,NA,NA,NA,0.00,NA,NA,NA
2021-11-05 00:00:00,410.33,461.37,68.42,75.53,143.95,NA,NA,3.69,10.77,NA,NA,NA,NA,NA,NA,NA,NA,NA,NA,NA,0.00,NA,NA,NA
2021-11-06 00:00:00,300.26,413.72,39.41,70.04,109.45,NA,NA,3.43,11.83,NA,NA,NA,NA,NA,NA,NA,NA,NA,NA,NA,0.00,NA,NA,NA
2021-11-07 00:00:00,197.27,319.00,51.77,75.03,126.78,NA,NA,3.12,12.09,NA,NA,NA,NA,NA,NA,NA,NA,NA,NA,NA,0.00,NA,NA,NA
2021-11-08 00:00:00,203.27,322.50,31.23,68.20,99.44,NA,NA,3.01,13.60,NA,NA,NA,NA,NA,NA,NA,NA,NA,NA,NA,0.00,NA,NA,NA
2021-11-09 00:00:00,204.49,330.47,37.98,72.06,110.03,NA,NA,2.97,12.45,NA,NA,NA,NA,NA,NA,NA,NA,NA,NA,NA,0.00,NA,NA,NA
2021-11-10 00:00:00,206.86,359.75,81.60,91.99,173.59,NA,NA,3.38,11.78,NA,NA,NA,NA,NA,NA,NA,NA,NA,NA,NA,0.00,NA,NA,NA
2021-11-11 00:00:00,259.58,452.74,160.61,125.55,261.23,NA,NA,4.22,9.74,NA,NA,NA,NA,NA,NA,NA,NA,NA,NA,NA,0.00,NA,NA,NA
2021-11-12 00:00:00,344.19,512.38,109.11,123.94,199.55,NA,NA,4.69,12.59,NA,NA,NA,NA,NA,NA,NA,NA,NA,NA,NA,0.00,NA,NA,NA
2021-11-13 00:00:00,247.05,399.64,116.40,116.38,218.68,NA,NA,4.33,13.19,NA,NA,NA,NA,NA,NA,NA,NA,NA,NA,NA,0.00,NA,NA,NA
2021-11-14 00:00:00,156.46,303.72,146.35,129.28,217.44,NA,NA,3.68,14.13,NA,NA,NA,NA,NA,NA,NA,NA,NA,NA,NA,0.00,NA,NA,NA
2021-11-15 00:00:00,185.99,318.84,121.51,117.63,230.94,NA,NA,3.88,14.89,NA,NA,NA,NA,NA,NA,NA,NA,NA,NA,NA,0.00,NA,NA,NA
2021-11-16 00:00:00,219.87,345.77,82.77,106.15,183.46,NA,NA,3.51,15.61,NA,NA,NA,NA,NA,NA,NA,NA,NA,NA,NA,0.00,NA,NA,NA
2021-11-17 00:00:00,161.13,298.73,137.32,144.92,195.89,NA,NA,3.55,16.70,NA,NA,NA,NA,NA,NA,NA,NA,NA,NA,NA,0.00,NA,NA,NA
2021-11-18 00:00:00,176.78,326.73,178.89,169.69,240.17,NA,NA,4.67,17.55,NA,NA,NA,NA,NA,NA,NA,NA,NA,NA,NA,0.00,NA,NA,NA
2021-11-19 00:00:00,192.60,318.94,116.35,133.90,241.67,NA,NA,4.13,16.53,NA,NA,NA,NA,NA,NA,NA,NA,NA,NA,NA,0.00,NA,NA,NA
2021-11-20 00:00:00,178.79,325.05,119.75,155.44,165.72,NA,NA,3.69,16.12,NA,NA,NA,NA,NA,NA,NA,NA,NA,NA,NA,0.00,NA,NA,NA
2021-11-21 00:00:00,174.44,270.38,81.19,103.34,153.52,NA,NA,4.02,17.71,NA,NA,NA,NA,NA,NA,NA,NA,NA,NA,NA,0.00,NA,NA,NA
2021-11-22 00:00:00,116.71,213.52,21.41,64.30,85.70,NA,NA,2.83,17.98,NA,NA,NA,NA,NA,NA,NA,NA,NA,NA,NA,0.00,NA,NA,NA
2021-11-23 00:00:00,122.93,271.77,66.73,139.62,121.25,NA,NA,3.02,14.75,NA,NA,NA,NA,NA,NA,NA,NA,NA,NA,NA,0.00,NA,NA,NA
2021-11-24 00:00:00,161.47,342.79,176.82,166.19,266.68,NA,NA,4.88,13.42,NA,NA,NA,NA,NA,NA,NA,NA,NA,NA,NA,0.00,NA,NA,NA
2021-11-25 00:00:00,164.32,336.91,115.44,118.14,198.22,NA,NA,3.96,13.93,NA,NA,NA,NA,NA,NA,NA,NA,NA,NA,NA,0.00,NA,NA,NA
2021-11-26 00:00:00,199.05,393.61,231.93,183.46,318.00,NA,NA,5.30,14.06,NA,NA,NA,NA,NA,NA,NA,NA,NA,NA,NA,0.00,NA,NA,NA
2021-11-27 00:00:00,167.82,329.29,160.63,138.66,254.38,NA,NA,4.90,15.01,NA,NA,NA,NA,NA,NA,NA,NA,NA,NA,NA,0.00,NA,NA,NA
2021-11-28 00:00:00,198.63,367.58,176.21,151.32,239.11,NA,NA,4.69,33.53,NA,NA,NA,NA,NA,NA,NA,NA,NA,NA,NA,0.00,NA,NA,NA
2021-11-29 00:00:00,165.07,308.60,116.47,124.70,162.65,NA,NA,5.05,15.05,NA,NA,NA,NA,NA,NA,NA,NA,NA,NA,NA,0.00,NA,NA,NA
2021-11-30 00:00:00,136.67,270.58,86.49,103.76,156.00,NA,NA,3.38,14.47,NA,NA,NA,NA,NA,NA,NA,NA,NA,NA,NA,0.00,NA,NA,NA
2021-12-01 00:00:00,166.71,335.19,109.24,120.88,201.61,NA,NA,4.40,9.65,NA,NA,NA,NA,NA,NA,NA,NA,NA,NA,NA,0.00,NA,NA,NA
2021-12-02 00:00:00,178.37,316.53,47.52,72.09,119.60,NA,NA,3.87,8.99,NA,NA,NA,NA,NA,NA,NA,NA,NA,NA,NA,0.00,NA,NA,NA
2021-12-03 00:00:00,105.06,237.20,82.16,90.17,140.01,NA,NA,3.46,9.66,NA,NA,NA,NA,NA,NA,NA,NA,NA,NA,NA,0.00,NA,NA,NA
2021-12-04 00:00:00,99.28,237.17,173.80,119.78,218.01,NA,NA,3.64,11.33,NA,NA,NA,NA,NA,NA,NA,NA,NA,NA,NA,0.00,NA,NA,NA
2021-12-05 00:00:00,116.67,230.05,158.33,111.81,199.98,NA,NA,3.33,14.10,NA,NA,NA,NA,NA,NA,NA,NA,NA,NA,NA,0.00,NA,NA,NA
2021-12-06 00:00:00,123.27,201.15,55.78,55.81,111.59,NA,NA,2.57,12.91,NA,NA,NA,NA,NA,NA,NA,NA,NA,NA,NA,0.00,NA,NA,NA
2021-12-07 00:00:00,87.85,138.45,26.37,30.08,56.45,NA,NA,1.73,12.79,NA,NA,NA,NA,NA,NA,NA,NA,NA,NA,NA,0.00,NA,NA,NA
2021-12-08 00:00:00,89.83,154.38,43.79,43.39,83.31,NA,NA,1.84,15.26,NA,NA,NA,NA,NA,NA,NA,NA,NA,NA,NA,0.00,NA,NA,NA
2021-12-09 00:00:00,107.45,192.08,75.02,64.22,131.06,NA,NA,2.28,14.71,NA,NA,NA,NA,NA,NA,NA,NA,NA,NA,NA,0.00,NA,NA,NA
2021-12-10 00:00:00,117.89,203.60,58.30,56.86,103.31,NA,NA,2.14,17.12,NA,NA,NA,NA,NA,NA,NA,NA,NA,NA,NA,0.00,NA,NA,NA
2021-12-11 00:00:00,98.27,187.04,103.18,78.29,172.72,NA,NA,1.79,15.49,NA,NA,NA,NA,NA,NA,NA,NA,NA,NA,NA,0.00,NA,NA,NA
2021-12-12 00:00:00,109.40,210.13,163.16,118.78,192.94,NA,NA,2.46,15.23,NA,NA,NA,NA,NA,NA,NA,NA,NA,NA,NA,0.00,NA,NA,NA
2021-12-13 00:00:00,130.22,245.01,214.17,138.69,235.69,NA,NA,2.92,18.31,NA,NA,NA,NA,NA,NA,NA,NA,NA,NA,NA,0.00,NA,NA,NA
2021-12-14 00:00:00,168.85,280.94,195.33,141.88,216.51,NA,NA,3.37,25.80,NA,NA,NA,NA,NA,NA,NA,NA,NA,NA,NA,0.00,NA,NA,NA
2021-12-15 00:00:00,147.35,251.24,157.16,114.54,172.54,NA,NA,2.52,16.12,NA,NA,NA,NA,NA,NA,NA,NA,NA,NA,NA,0.00,NA,NA,NA
2021-12-16 00:00:00,153.40,268.02,90.95,83.91,150.40,NA,NA,2.59,14.71,NA,NA,NA,NA,NA,NA,NA,NA,NA,NA,NA,0.00,NA,NA,NA
2021-12-17 00:00:00,123.34,212.46,18.03,38.88,56.90,NA,NA,2.09,17.33,NA,NA,NA,NA,NA,NA,NA,NA,NA,NA,NA,0.00,NA,NA,NA
2021-12-18 00:00:00,106.42,168.26,10.02,26.17,36.20,NA,NA,2.34,16.76,NA,NA,NA,NA,NA,NA,NA,NA,NA,NA,NA,0.00,NA,NA,NA
2021-12-19 00:00:00,102.66,167.21,16.57,33.84,50.41,NA,NA,2.31,20.84,NA,NA,NA,NA,NA,NA,NA,NA,NA,NA,NA,0.00,NA,NA,NA
2021-12-20 00:00:00,135.28,247.55,59.63,57.98,94.75,NA,NA,3.64,17.21,NA,NA,NA,NA,NA,NA,NA,NA,NA,NA,NA,0.00,NA,NA,NA
2021-12-21 00:00:00,227.20,384.87,163.15,86.18,187.84,NA,NA,5.30,15.46,NA,NA,NA,NA,NA,NA,NA,NA,NA,NA,NA,0.00,NA,NA,NA
2021-12-22 00:00:00,252.15,408.78,177.93,87.45,211.68,NA,NA,5.63,13.74,NA,NA,NA,NA,NA,NA,NA,NA,NA,NA,NA,0.00,NA,NA,NA
2021-12-23 00:00:00,224.43,360.52,166.32,63.74,212.90,NA,NA,4.52,20.37,NA,NA,NA,NA,NA,NA,NA,NA,NA,NA,NA,0.00,NA,NA,NA
2021-12-24 00:00:00,185.27,310.77,128.53,54.74,171.10,NA,NA,4.06,17.18,NA,NA,NA,NA,NA,NA,NA,NA,NA,NA,NA,0.00,NA,NA,NA
2021-12-25 00:00:00,253.84,385.36,191.93,72.07,188.78,NA,NA,5.36,18.03,NA,NA,NA,NA,NA,NA,NA,NA,NA,NA,NA,0.00,NA,NA,NA
2021-12-26 00:00:00,256.84,366.66,134.34,52.98,151.16,NA,NA,4.59,13.97,NA,NA,NA,NA,NA,NA,NA,NA,NA,NA,NA,0.00,NA,NA,NA
2021-12-27 00:00:00,102.64,171.30,119.03,44.75,159.54,NA,NA,3.49,11.90,NA,NA,NA,NA,NA,NA,NA,NA,NA,NA,NA,0.00,NA,NA,NA
2021-12-28 00:00:00,105.84,165.92,108.32,43.87,152.20,NA,NA,3.36,8.22,NA,NA,NA,NA,NA,NA,NA,NA,NA,NA,NA,0.00,NA,NA,NA
2021-12-29 00:00:00,110.50,191.38,98.43,37.07,128.03,NA,NA,3.40,9.56,NA,NA,NA,NA,NA,NA,NA,NA,NA,NA,NA,0.00,NA,NA,NA
2021-12-30 00:00:00,178.48,378.98,137.68,63.77,165.04,NA,NA,4.82,9.96,NA,NA,NA,NA,NA,NA,NA,NA,NA,NA,NA,0.00,NA,NA,NA
2021-12-31 00:00:00,171.32,316.54,123.93,50.76,158.88,NA,NA,4.24,9.76,NA,NA,NA,NA,NA,NA,NA,NA,NA,NA,NA,0.00,NA,NA,NA
